DieX,DieY,Thickness_A,SheetRes_Ohm
0.0,0.0,999.48,49.71
0.0,0.0,1002.3,49.24
0.0,0.0,1002.65,49.05
0.0,0.0,997.78,50.32
0.0,0.0,999.78,50.25
0.0,0.0,995.79,49.0
0.0,0.0,999.5,50.35
0.0,0.0,1002.62,49.72
0.0,0.0,998.84,49.32
0.0,0.0,999.07,51.02
-0.0,0.0,1000.31,50.89
-0.0,0.0,1000.18,50.09
-0.0,0.0,999.91,50.49
-0.0,0.0,1001.96,49.66
-0.0,0.0,996.6,50.12
-0.0,0.0,1001.06,49.14
-0.0,0.0,1000.91,50.64
-0.0,0.0,1001.4,50.46
-0.0,0.0,999.67,50.18
-0.0,-0.0,998.26,50.03
-0.0,-0.0,1001.9,49.23
-0.0,-0.0,996.91,49.6
-0.0,-0.0,1003.15,51.0
-0.0,-0.0,997.79,50.42
-0.0,-0.0,1001.26,49.38
-0.0,-0.0,998.82,50.54
-0.0,-0.0,999.29,50.15
-0.0,-0.0,1002.69,50.25
0.0,-0.0,996.9,49.74
0.0,-0.0,999.32,50.67
0.0,-0.0,1002.44,49.63
0.0,-0.0,998.18,49.62
0.0,-0.0,999.11,50.38
0.0,-0.0,999.87,49.63
0.0,-0.0,999.79,49.79
0.0,-0.0,997.96,50.6
7.89,0.0,998.96,49.39
7.77,1.37,1000.67,49.97
7.42,2.7,1004.27,49.12
6.84,3.95,999.41,49.33
6.05,5.07,1001.66,49.77
5.07,6.05,998.44,49.16
3.95,6.84,997.0,49.06
2.7,7.42,1000.84,48.45
1.37,7.77,998.58,49.48
0.0,7.89,1000.94,49.5
-1.37,7.77,999.24,48.81
-2.7,7.42,1001.2,48.66
-3.95,6.84,1000.7,49.48
-5.07,6.05,1003.94,49.53
-6.05,5.07,998.78,49.22
-6.84,3.95,1002.74,49.2
-7.42,2.7,1001.33,50.03
-7.77,1.37,998.21,49.35
-7.89,0.0,998.2,48.96
-7.77,-1.37,995.69,49.91
-7.42,-2.7,999.01,49.59
-6.84,-3.95,1002.0,49.09
-6.05,-5.07,1000.61,49.67
-5.07,-6.05,999.94,50.16
-3.95,-6.84,998.03,49.77
-2.7,-7.42,1001.17,49.24
-1.37,-7.77,1004.91,49.08
-0.0,-7.89,1000.72,49.0
1.37,-7.77,997.07,49.04
2.7,-7.42,1000.71,48.38
3.95,-6.84,998.44,48.99
5.07,-6.05,997.38,49.39
6.05,-5.07,999.98,48.95
6.84,-3.95,1001.19,50.07
7.42,-2.7,998.14,49.49
7.77,-1.37,1003.84,49.45
15.79,0.0,999.03,48.33
15.55,2.74,1002.16,48.0
14.84,5.4,1000.05,48.95
13.67,7.89,996.62,49.44
12.1,10.15,1000.56,49.21
10.15,12.1,999.21,48.47
7.89,13.67,1003.97,49.2
5.4,14.84,996.99,48.85
2.74,15.55,1000.5,49.8
0.0,15.79,999.01,48.16
-2.74,15.55,1000.79,48.39
-5.4,14.84,999.23,49.0
-7.89,13.67,1001.61,49.27
-10.15,12.1,1004.54,48.82
-12.1,10.15,996.61,48.56
-13.67,7.89,1002.19,48.64
-14.84,5.4,1003.17,49.37
-15.55,2.74,1000.27,49.22
-15.79,0.0,1000.97,48.97
-15.55,-2.74,1003.06,49.12
-14.84,-5.4,1000.94,49.07
-13.67,-7.89,1000.9,48.53
-12.1,-10.15,1000.18,49.22
-10.15,-12.1,998.7,47.55
-7.89,-13.67,1001.19,50.64
-5.4,-14.84,1001.23,48.61
-2.74,-15.55,1001.51,48.95
-0.0,-15.79,1002.79,48.54
2.74,-15.55,999.7,49.13
5.4,-14.84,1003.78,49.16
7.89,-13.67,1001.6,48.76
10.15,-12.1,1000.09,49.27
12.1,-10.15,999.85,49.29
13.67,-7.89,1003.1,48.28
14.84,-5.4,1001.12,49.61
15.55,-2.74,1000.51,49.16
23.68,0.0,998.84,49.06
23.32,4.11,997.94,48.5
22.26,8.1,999.7,48.22
20.51,11.84,1003.03,48.5
18.14,15.22,998.42,48.71
15.22,18.14,998.9,48.92
11.84,20.51,1000.12,48.32
8.1,22.26,999.65,48.29
4.11,23.32,998.85,48.06
0.0,23.68,1001.05,48.24
-4.11,23.32,1005.74,49.33
-8.1,22.26,1004.37,47.82
-11.84,20.51,1001.94,47.95
-15.22,18.14,1001.22,48.68
-18.14,15.22,1004.33,49.44
-20.51,11.84,1001.45,48.85
-22.26,8.1,1000.42,48.47
-23.32,4.11,998.0,48.28
-23.68,0.0,1001.14,48.64
-23.32,-4.11,1002.91,48.44
-22.26,-8.1,1000.72,48.28
-20.51,-11.84,1000.18,48.15
-18.14,-15.22,998.69,48.7
-15.22,-18.14,1000.83,48.51
-11.84,-20.51,1000.75,48.72
-8.1,-22.26,999.97,48.83
-4.11,-23.32,1002.43,48.23
-0.0,-23.68,997.86,48.51
4.11,-23.32,998.33,47.74
8.1,-22.26,1001.94,48.69
11.84,-20.51,1000.57,48.23
15.22,-18.14,1003.18,48.77
18.14,-15.22,1001.67,48.14
20.51,-11.84,999.94,48.4
22.26,-8.1,1001.7,48.35
23.32,-4.11,1000.92,49.1
31.58,0.0,1002.86,47.46
31.1,5.48,1000.33,47.71
29.67,10.8,1003.68,48.27
27.35,15.79,1005.1,47.72
24.19,20.3,1003.15,47.69
20.3,24.19,1001.31,46.87
15.79,27.35,1005.01,48.44
10.8,29.67,1003.46,48.56
5.48,31.1,1003.81,47.1
0.0,31.58,1005.21,48.02
-5.48,31.1,1006.63,47.57
-10.8,29.67,1000.66,47.05
-15.79,27.35,1000.34,47.63
-20.3,24.19,1005.99,48.73
-24.19,20.3,1004.73,48.05
-27.35,15.79,998.81,47.34
-29.67,10.8,1003.76,48.45
-31.1,5.48,1001.08,47.42
-31.58,0.0,1003.41,47.72
-31.1,-5.48,1004.4,47.17
-29.67,-10.8,1005.13,48.29
-27.35,-15.79,1001.23,46.91
-24.19,-20.3,1003.49,48.47
-20.3,-24.19,999.7,48.02
-15.79,-27.35,1001.01,48.03
-10.8,-29.67,1003.31,47.43
-5.48,-31.1,1000.03,47.72
-0.0,-31.58,1001.18,47.1
5.48,-31.1,1004.32,47.32
10.8,-29.67,1002.03,48.31
15.79,-27.35,1004.02,47.74
20.3,-24.19,1001.76,48.34
24.19,-20.3,1002.62,48.42
27.35,-15.79,1004.83,47.25
29.67,-10.8,1002.8,48.11
31.1,-5.48,1005.72,47.03
39.47,0.0,1003.8,48.08
38.87,6.85,1002.88,46.91
37.09,13.5,1001.12,47.41
34.19,19.74,1004.85,47.52
30.24,25.37,1003.83,47.49
25.37,30.24,1007.56,47.57
19.74,34.19,1005.78,47.24
13.5,37.09,1002.64,46.99
6.85,38.87,1000.04,47.5
0.0,39.47,1004.32,47.33
-6.85,38.87,1000.47,46.95
-13.5,37.09,1001.82,48.37
-19.74,34.19,1003.26,47.16
-25.37,30.24,1004.61,47.48
-30.24,25.37,1004.6,47.34
-34.19,19.74,1002.03,46.72
-37.09,13.5,1002.47,47.76
-38.87,6.85,1003.43,47.16
-39.47,0.0,1003.14,47.2
-38.87,-6.85,1002.58,47.0
-37.09,-13.5,1002.09,47.68
-34.19,-19.74,1003.62,47.08
-30.24,-25.37,1004.57,47.11
-25.37,-30.24,1002.83,47.07
-19.74,-34.19,1003.33,46.85
-13.5,-37.09,1002.59,47.15
-6.85,-38.87,1006.14,47.82
-0.0,-39.47,999.65,47.85
6.85,-38.87,1001.71,47.97
13.5,-37.09,1004.2,46.92
19.74,-34.19,1002.96,47.46
25.37,-30.24,998.67,47.71
30.24,-25.37,1005.35,47.43
34.19,-19.74,1003.71,47.13
37.09,-13.5,1004.23,47.51
38.87,-6.85,1001.82,47.57
47.37,0.0,1001.84,46.64
46.65,8.23,1004.77,46.71
44.51,16.2,1004.93,46.99
41.02,23.68,1005.24,46.89
36.29,30.45,1007.18,46.0
30.45,36.29,1008.79,46.44
23.68,41.02,1004.15,47.0
16.2,44.51,1006.72,46.67
8.23,46.65,1006.89,48.13
0.0,47.37,1008.0,46.74
-8.23,46.65,1003.25,46.55
-16.2,44.51,1009.59,48.12
-23.68,41.02,1002.76,48.06
-30.45,36.29,1003.39,46.55
-36.29,30.45,1005.33,46.69
-41.02,23.68,1003.61,46.32
-44.51,16.2,1005.27,46.34
-46.65,8.23,1006.24,47.11
-47.37,0.0,1001.96,47.18
-46.65,-8.23,1004.15,48.23
-44.51,-16.2,1006.71,47.0
-41.02,-23.68,1006.33,47.03
-36.29,-30.45,1000.92,47.23
-30.45,-36.29,1006.37,45.87
-23.68,-41.02,1005.22,45.98
-16.2,-44.51,1004.18,46.94
-8.23,-46.65,1004.52,47.19
-0.0,-47.37,1006.1,47.5
8.23,-46.65,1006.15,45.98
16.2,-44.51,1003.57,46.1
23.68,-41.02,1005.03,47.02
30.45,-36.29,1000.61,46.63
36.29,-30.45,1005.71,46.62
41.02,-23.68,1004.51,46.64
44.51,-16.2,1006.12,46.34
46.65,-8.23,1005.47,46.91
55.26,0.0,1006.15,46.12
54.42,9.6,1006.6,46.06
51.93,18.9,1001.44,46.51
47.86,27.63,1006.46,45.78
42.33,35.52,1003.54,46.11
35.52,42.33,1008.58,46.95
27.63,47.86,1008.14,46.87
18.9,51.93,1004.99,46.01
9.6,54.42,1006.88,46.0
0.0,55.26,1004.59,46.74
-9.6,54.42,1007.44,46.6
-18.9,51.93,1004.23,44.59
-27.63,47.86,1007.92,46.91
-35.52,42.33,1010.71,46.03
-42.33,35.52,1006.58,46.6
-47.86,27.63,1008.36,45.16
-51.93,18.9,1008.56,46.4
-54.42,9.6,1009.47,46.38
-55.26,0.0,1005.65,46.34
-54.42,-9.6,1010.61,46.04
-51.93,-18.9,1009.18,46.06
-47.86,-27.63,1001.82,47.21
-42.33,-35.52,1006.65,47.14
-35.52,-42.33,1003.19,46.8
-27.63,-47.86,1005.12,46.71
-18.9,-51.93,1010.32,46.52
-9.6,-54.42,1005.07,47.42
-0.0,-55.26,1005.12,46.78
9.6,-54.42,1006.78,46.08
18.9,-51.93,1006.66,46.67
27.63,-47.86,1006.54,45.1
35.52,-42.33,1006.53,46.16
42.33,-35.52,1008.73,45.86
47.86,-27.63,1007.14,47.19
51.93,-18.9,1005.79,45.61
54.42,-9.6,1005.87,46.73
63.16,0.0,1008.53,45.84
62.2,10.97,1010.58,46.43
59.35,21.6,1007.27,46.41
54.7,31.58,1006.59,46.68
48.38,40.6,1006.7,45.24
40.6,48.38,1009.54,45.47
31.58,54.7,1007.59,45.32
21.6,59.35,1010.29,46.4
10.97,62.2,1009.29,46.24
0.0,63.16,1009.65,45.9
-10.97,62.2,1007.75,46.8
-21.6,59.35,1010.56,46.44
-31.58,54.7,1012.13,46.25
-40.6,48.38,1009.24,46.24
-48.38,40.6,1010.57,46.09
-54.7,31.58,1008.7,45.98
-59.35,21.6,1010.71,46.22
-62.2,10.97,1007.95,45.44
-63.16,0.0,1007.35,45.26
-62.2,-10.97,1006.42,45.32
-59.35,-21.6,1006.41,46.46
-54.7,-31.58,1009.28,45.31
-48.38,-40.6,1011.45,45.88
-40.6,-48.38,1013.51,46.27
-31.58,-54.7,1007.56,46.03
-21.6,-59.35,1008.11,46.36
-10.97,-62.2,1005.6,46.31
-0.0,-63.16,1008.44,46.0
10.97,-62.2,1009.47,46.39
21.6,-59.35,1011.26,44.37
31.58,-54.7,1009.96,45.19
40.6,-48.38,1004.87,45.58
48.38,-40.6,1009.69,45.86
54.7,-31.58,1010.9,45.7
59.35,-21.6,1007.2,45.93
62.2,-10.97,1007.08,45.61
71.05,0.0,1010.12,45.41
69.97,12.34,1008.04,45.3
66.77,24.3,1009.95,44.5
61.53,35.53,1012.74,45.19
54.43,45.67,1009.66,45.13
45.67,54.43,1014.52,45.37
35.53,61.53,1009.45,46.51
24.3,66.77,1012.23,45.08
12.34,69.97,1009.36,44.99
0.0,71.05,1012.57,45.4
-12.34,69.97,1012.48,45.31
-24.3,66.77,1012.73,45.84
-35.53,61.53,1013.3,45.54
-45.67,54.43,1011.14,46.41
-54.43,45.67,1012.6,45.0
-61.53,35.53,1011.53,45.94
-66.77,24.3,1009.62,44.99
-69.97,12.34,1009.52,45.07
-71.05,0.0,1013.79,45.83
-69.97,-12.34,1007.64,44.48
-66.77,-24.3,1009.4,45.1
-61.53,-35.53,1008.92,44.72
-54.43,-45.67,1015.23,45.44
-45.67,-54.43,1012.55,45.07
-35.53,-61.53,1010.1,45.22
-24.3,-66.77,1010.08,45.72
-12.34,-69.97,1014.29,45.1
-0.0,-71.05,1012.58,45.41
12.34,-69.97,1013.27,45.0
24.3,-66.77,1012.98,45.34
35.53,-61.53,1011.75,45.5
45.67,-54.43,1011.3,45.24
54.43,-45.67,1011.18,45.66
61.53,-35.53,1010.71,45.29
66.77,-24.3,1012.83,45.23
69.97,-12.34,1012.48,44.9
78.95,0.0,1013.58,44.65
77.75,13.71,1014.35,44.83
74.19,27.0,1011.46,45.15
68.37,39.47,1013.18,44.05
60.48,50.75,1014.85,44.38
50.75,60.48,1012.92,44.92
39.47,68.37,1013.93,44.69
27.0,74.19,1013.32,45.16
13.71,77.75,1015.5,45.16
0.0,78.95,1013.17,44.77
-13.71,77.75,1013.15,44.85
-27.0,74.19,1014.23,44.18
-39.47,68.37,1012.6,44.08
-50.75,60.48,1013.78,45.14
-60.48,50.75,1016.6,45.05
-68.37,39.47,1015.27,44.94
-74.19,27.0,1016.58,44.28
-77.75,13.71,1012.51,44.68
-78.95,0.0,1009.82,44.46
-77.75,-13.71,1010.55,45.46
-74.19,-27.0,1008.11,43.97
-68.37,-39.47,1014.41,44.71
-60.48,-50.75,1015.48,44.74
-50.75,-60.48,1013.64,44.46
-39.47,-68.37,1015.64,44.36
-27.0,-74.19,1016.28,44.59
-13.71,-77.75,1013.09,44.66
-0.0,-78.95,1010.74,45.25
13.71,-77.75,1011.88,43.42
27.0,-74.19,1017.04,44.82
39.47,-68.37,1014.44,46.14
50.75,-60.48,1011.69,45.19
60.48,-50.75,1014.66,44.84
68.37,-39.47,1013.06,44.75
74.19,-27.0,1014.35,44.87
77.75,-13.71,1014.77,45.3
86.84,0.0,1016.13,44.0
85.52,15.08,1021.68,44.25
81.6,29.7,1015.93,43.48
75.21,43.42,1015.09,44.2
66.52,55.82,1018.42,44.58
55.82,66.52,1017.38,44.39
43.42,75.21,1016.31,44.25
29.7,81.6,1018.19,43.96
15.08,85.52,1019.72,44.19
0.0,86.84,1012.54,43.54
-15.08,85.52,1014.86,44.83
-29.7,81.6,1020.21,44.66
-43.42,75.21,1015.95,44.92
-55.82,66.52,1021.05,44.97
-66.52,55.82,1017.55,44.56
-75.21,43.42,1012.46,44.46
-81.6,29.7,1012.68,44.1
-85.52,15.08,1018.31,45.39
-86.84,0.0,1019.12,43.56
-85.52,-15.08,1019.38,43.9
-81.6,-29.7,1013.95,44.27
-75.21,-43.42,1018.55,43.44
-66.52,-55.82,1016.04,43.98
-55.82,-66.52,1013.58,44.29
-43.42,-75.21,1015.2,44.17
-29.7,-81.6,1018.11,44.68
-15.08,-85.52,1018.67,43.71
-0.0,-86.84,1017.59,44.14
15.08,-85.52,1015.96,43.87
29.7,-81.6,1015.65,43.72
43.42,-75.21,1017.37,43.56
55.82,-66.52,1016.93,44.37
66.52,-55.82,1016.45,44.83
75.21,-43.42,1014.42,44.31
81.6,-29.7,1015.89,44.62
85.52,-15.08,1011.87,43.6
94.74,0.0,1020.69,43.57
93.3,16.45,1017.5,44.17
89.02,32.4,1018.42,42.87
82.04,47.37,1016.55,43.79
72.57,60.9,1019.63,43.84
60.9,72.57,1016.03,43.58
47.37,82.04,1020.28,44.96
32.4,89.02,1024.05,43.56
16.45,93.3,1021.8,43.33
0.0,94.74,1017.46,44.42
-16.45,93.3,1017.65,44.14
-32.4,89.02,1018.13,43.34
-47.37,82.04,1016.59,44.24
-60.9,72.57,1022.01,43.43
-72.57,60.9,1018.73,43.44
-82.04,47.37,1018.86,43.52
-89.02,32.4,1019.87,43.5
-93.3,16.45,1020.23,43.39
-94.74,0.0,1019.95,43.44
-93.3,-16.45,1023.97,43.18
-89.02,-32.4,1019.25,43.64
-82.04,-47.37,1018.89,43.24
-72.57,-60.9,1017.13,43.58
-60.9,-72.57,1019.92,43.52
-47.37,-82.04,1017.59,43.13
-32.4,-89.02,1015.92,44.57
-16.45,-93.3,1021.19,44.12
-0.0,-94.74,1018.11,44.07
16.45,-93.3,1022.22,43.71
32.4,-89.02,1019.36,43.97
47.37,-82.04,1021.58,42.96
60.9,-72.57,1020.19,43.5
72.57,-60.9,1021.6,44.56
82.04,-47.37,1020.47,43.16
89.02,-32.4,1016.34,43.68
93.3,-16.45,1017.9,44.03
102.63,0.0,1024.55,43.16
101.07,17.82,1024.62,43.25
96.44,35.1,1024.63,43.16
88.88,51.32,1023.59,42.88
78.62,65.97,1022.03,42.78
65.97,78.62,1021.45,42.17
51.32,88.88,1023.82,43.31
35.1,96.44,1023.79,43.61
17.82,101.07,1025.5,42.75
0.0,102.63,1019.42,42.43
-17.82,101.07,1023.79,43.19
-35.1,96.44,1023.25,43.66
-51.32,88.88,1023.99,43.43
-65.97,78.62,1024.05,42.39
-78.62,65.97,1024.08,42.91
-88.88,51.32,1020.47,42.41
-96.44,35.1,1021.9,43.58
-101.07,17.82,1021.14,42.1
-102.63,0.0,1024.06,42.77
-101.07,-17.82,1024.04,42.62
-96.44,-35.1,1021.22,42.6
-88.88,-51.32,1023.5,43.96
-78.62,-65.97,1023.65,42.99
-65.97,-78.62,1023.98,43.56
-51.32,-88.88,1023.95,43.48
-35.1,-96.44,1023.06,44.03
-17.82,-101.07,1022.68,42.95
-0.0,-102.63,1026.76,43.23
17.82,-101.07,1022.88,42.31
35.1,-96.44,1021.92,42.9
51.32,-88.88,1022.93,43.39
65.97,-78.62,1020.75,43.72
78.62,-65.97,1023.51,42.86
88.88,-51.32,1024.97,44.09
96.44,-35.1,1023.35,43.18
101.07,-17.82,1022.62,42.25
110.53,0.0,1025.59,43.53
108.85,19.19,1029.31,42.44
103.86,37.8,1028.25,42.59
95.72,55.26,1029.23,43.13
84.67,71.04,1029.5,42.59
71.04,84.67,1029.06,42.03
55.26,95.72,1026.52,42.07
37.8,103.86,1027.83,42.98
19.19,108.85,1026.02,42.9
0.0,110.53,1034.9,42.9
-19.19,108.85,1029.14,43.11
-37.8,103.86,1028.23,42.3
-55.26,95.72,1027.5,42.71
-71.04,84.67,1028.84,42.95
-84.67,71.04,1023.38,42.61
-95.72,55.26,1024.85,42.61
-103.86,37.8,1027.76,42.44
-108.85,19.19,1026.79,43.11
-110.53,0.0,1028.82,43.26
-108.85,-19.19,1024.94,42.59
-103.86,-37.8,1027.29,43.57
-95.72,-55.26,1024.25,42.17
-84.67,-71.04,1027.09,42.9
-71.04,-84.67,1028.51,43.11
-55.26,-95.72,1027.56,43.27
-37.8,-103.86,1026.25,43.03
-19.19,-108.85,1029.51,43.01
-0.0,-110.53,1030.8,42.42
19.19,-108.85,1026.49,43.31
37.8,-103.86,1025.55,42.59
55.26,-95.72,1026.96,43.48
71.04,-84.67,1027.89,43.08
84.67,-71.04,1024.9,42.7
95.72,-55.26,1027.38,43.57
103.86,-37.8,1027.9,42.38
108.85,-19.19,1027.74,42.66
118.42,0.0,1031.73,42.16
116.62,20.56,1029.21,42.11
111.28,40.5,1032.95,42.67
102.56,59.21,1035.63,42.35
90.72,76.12,1033.1,41.81
76.12,90.72,1032.16,40.83
59.21,102.56,1029.58,42.42
40.5,111.28,1029.22,42.36
20.56,116.62,1032.15,42.28
0.0,118.42,1032.12,41.47
-20.56,116.62,1032.04,41.35
-40.5,111.28,1030.66,42.66
-59.21,102.56,1031.49,41.76
-76.12,90.72,1031.83,42.27
-90.72,76.12,1032.89,42.03
-102.56,59.21,1033.46,42.1
-111.28,40.5,1032.93,41.39
-116.62,20.56,1029.7,40.57
-118.42,0.0,1031.73,42.49
-116.62,-20.56,1033.43,41.99
-111.28,-40.5,1032.27,41.51
-102.56,-59.21,1034.25,42.49
-90.72,-76.12,1032.69,41.58
-76.12,-90.72,1028.45,42.46
-59.21,-102.56,1030.92,42.34
-40.5,-111.28,1031.93,41.53
-20.56,-116.62,1035.03,42.53
-0.0,-118.42,1026.78,42.19
20.56,-116.62,1031.25,42.72
40.5,-111.28,1035.82,41.99
59.21,-102.56,1033.24,42.31
76.12,-90.72,1029.56,42.13
90.72,-76.12,1032.17,42.52
102.56,-59.21,1033.71,41.94
111.28,-40.5,1033.3,41.96
116.62,-20.56,1027.67,41.31
126.32,0.0,1033.86,41.19
124.4,21.93,1033.82,41.59
118.7,43.2,1036.35,41.52
109.39,63.16,1034.61,42.01
96.76,81.19,1035.86,41.94
81.19,96.76,1039.15,41.43
63.16,109.39,1033.47,41.36
43.2,118.7,1034.32,41.76
21.93,124.4,1039.61,40.68
0.0,126.32,1035.44,41.68
-21.93,124.4,1035.84,41.57
-43.2,118.7,1037.95,41.72
-63.16,109.39,1036.77,42.16
-81.19,96.76,1033.09,41.46
-96.76,81.19,1036.62,41.79
-109.39,63.16,1040.49,41.37
-118.7,43.2,1033.62,41.57
-124.4,21.93,1037.33,41.55
-126.32,0.0,1038.35,42.07
-124.4,-21.93,1034.26,42.1
-118.7,-43.2,1034.41,42.38
-109.39,-63.16,1035.45,41.55
-96.76,-81.19,1032.87,41.57
-81.19,-96.76,1033.25,41.11
-63.16,-109.39,1032.92,41.68
-43.2,-118.7,1035.03,41.27
-21.93,-124.4,1035.81,42.04
-0.0,-126.32,1035.24,40.76
21.93,-124.4,1033.95,40.54
43.2,-118.7,1034.13,41.84
63.16,-109.39,1037.06,41.71
81.19,-96.76,1033.28,42.65
96.76,-81.19,1037.87,41.99
109.39,-63.16,1038.83,41.88
118.7,-43.2,1037.35,41.29
124.4,-21.93,1033.71,41.45
134.21,0.0,1039.02,41.01
132.17,23.31,1042.17,41.76
126.12,45.9,1041.05,41.16
116.23,67.11,1041.54,40.74
102.81,86.27,1037.19,41.28
86.27,102.81,1043.49,40.32
67.11,116.23,1038.61,39.57
45.9,126.12,1039.58,41.19
23.31,132.17,1041.05,41.08
0.0,134.21,1041.91,40.54
-23.31,132.17,1038.89,40.4
-45.9,126.12,1039.59,41.11
-67.11,116.23,1041.79,40.81
-86.27,102.81,1041.72,41.46
-102.81,86.27,1038.43,40.79
-116.23,67.11,1034.74,41.58
-126.12,45.9,1040.54,41.31
-132.17,23.31,1040.76,41.72
-134.21,0.0,1040.86,40.86
-132.17,-23.31,1037.29,41.7
-126.12,-45.9,1043.97,40.32
-116.23,-67.11,1039.4,41.05
-102.81,-86.27,1035.82,40.02
-86.27,-102.81,1040.43,41.51
-67.11,-116.23,1040.54,41.0
-45.9,-126.12,1035.4,40.52
-23.31,-132.17,1041.58,41.77
-0.0,-134.21,1039.04,40.95
23.31,-132.17,1040.51,40.89
45.9,-126.12,1041.75,41.46
67.11,-116.23,1040.54,41.52
86.27,-102.81,1040.21,40.75
102.81,-86.27,1039.85,41.31
116.23,-67.11,1040.88,41.7
126.12,-45.9,1041.64,41.71
132.17,-23.31,1038.89,40.96
142.11,0.0,1047.95,40.74
139.95,24.68,1040.45,40.79
133.54,48.6,1044.76,40.34
123.07,71.05,1041.91,40.29
108.86,91.34,1043.8,40.24
91.34,108.86,1048.0,39.93
71.05,123.07,1043.55,40.49
48.6,133.54,1047.37,39.99
24.68,139.95,1045.5,40.2
0.0,142.11,1045.83,40.18
-24.68,139.95,1041.32,39.4
-48.6,133.54,1043.47,39.53
-71.05,123.07,1039.82,40.89
-91.34,108.86,1044.45,39.77
-108.86,91.34,1046.83,39.69
-123.07,71.05,1043.26,40.98
-133.54,48.6,1045.43,41.23
-139.95,24.68,1048.42,40.42
-142.11,0.0,1043.03,41.47
-139.95,-24.68,1046.91,41.25
-133.54,-48.6,1041.03,39.86
-123.07,-71.05,1041.78,40.09
-108.86,-91.34,1046.7,40.33
-91.34,-108.86,1046.77,40.27
-71.05,-123.07,1050.09,41.19
-48.6,-133.54,1045.64,40.99
-24.68,-139.95,1043.04,39.2
-0.0,-142.11,1045.81,41.29
24.68,-139.95,1041.51,39.92
48.6,-133.54,1045.45,39.86
71.05,-123.07,1045.12,40.16
91.34,-108.86,1045.47,40.45
108.86,-91.34,1044.15,40.85
123.07,-71.05,1046.45,39.89
133.54,-48.6,1048.31,40.24
139.95,-24.68,1044.76,39.75
150.0,0.0,1049.27,40.11
147.72,26.05,1049.06,39.73
140.95,51.3,1047.65,40.71
129.9,75.0,1048.42,39.94
114.91,96.42,1053.02,39.64
96.42,114.91,1048.97,40.24
75.0,129.9,1047.18,39.8
51.3,140.95,1050.57,39.88
26.05,147.72,1050.88,40.01
0.0,150.0,1045.44,39.54
-26.05,147.72,1047.52,40.24
-51.3,140.95,1048.88,40.15
-75.0,129.9,1051.93,41.17
-96.42,114.91,1048.99,40.93
-114.91,96.42,1054.12,39.41
-129.9,75.0,1051.91,40.64
-140.95,51.3,1052.29,40.71
-147.72,26.05,1049.08,40.53
-150.0,0.0,1048.28,39.95
-147.72,-26.05,1053.28,40.32
-140.95,-51.3,1052.25,40.31
-129.9,-75.0,1047.87,39.64
-114.91,-96.42,1049.58,40.81
-96.42,-114.91,1053.58,40.25
-75.0,-129.9,1048.71,39.89
-51.3,-140.95,1051.07,40.93
-26.05,-147.72,1047.56,40.18
-0.0,-150.0,1051.35,39.31
26.05,-147.72,1048.6,40.81
51.3,-140.95,1051.2,39.16
75.0,-129.9,1049.37,39.39
96.42,-114.91,1050.47,40.03
114.91,-96.42,1052.0,40.7
129.9,-75.0,1050.46,39.63
140.95,-51.3,1053.28,40.04
147.72,-26.05,1051.47,39.95
